{
    "loss": 10.341805458068848,
    "accuracy": 0.779411792755127
}